2.768282055717E+038;"Paramount War";"op02";"Edward.Newgate";"OP02-001";"L";"http://tcgplayer.com/product/482424/one-piece-card-game-paramount-war-edwardnewgate-001?xid=pi97848a82-9c62-4831-a9e9-4b82c94283cd&page=1";"None"
2.92822216833771E+038;"Paramount War";"op02";"Edward.Newgate";"OP02-001";"L";"http://tcgplayer.com/product/483470/one-piece-card-game-paramount-war-edwardnewgate-001-alternate-art?xid=pi85e90e8a-8304-4ef8-97d9-c22c07203507&page=1";"Alternate Art"
1.73221649141443E+038;"Paramount War";"op02";"Monkey.D.Garp";"OP02-002";"L";"http://tcgplayer.com/product/482705/one-piece-card-game-paramount-war-monkeydgarp-002?xid=pide1ba8e6-8694-4309-bcc9-552306164853&page=1";"None"
2.81412793510943E+038;"Paramount War";"op02";"Monkey.D.Garp";"OP02-002";"L";"http://tcgplayer.com/product/483627/one-piece-card-game-paramount-war-monkeydgarp-002-alternate-art?xid=pi85e90e8a-8304-4ef8-97d9-c22c07203507&page=1";"Alternate Art"
2.62469154364479E+038;"Paramount War";"op02";"Atmos";"OP02-003";"C";"http://tcgplayer.com/product/482426/one-piece-card-game-paramount-war-atmos?xid=pi1e3bf5fe-24ae-43bf-bb2d-aabb5ac5b37a&page=1";"None"
1.92302072592672E+038;"Paramount War";"op02";"Edward.Newgate";"OP02-004";"SR";"http://tcgplayer.com/product/482423/one-piece-card-game-paramount-war-edwardnewgate-004?xid=pi4487bf4f-42e0-4cbc-a3b4-b46385727e44&page=1";"None"
1.9464079984937E+037;"Paramount War";"op02";"Edward.Newgate ";"OP02-004";"SR";"http://tcgplayer.com/product/485861/one-piece-card-game-paramount-war-edwardnewgate-004-alternate-art?xid=pi81d9e6c5-012a-4c80-9325-c7033db8dfe7&page=1";"Alternate Art"
2.69578601729054E+038;"Paramount War";"op02";"Curly.Dadan";"OP02-005";"UC";"http://tcgplayer.com/product/482425/one-piece-card-game-paramount-war-curlydadan?xid=pi4487bf4f-42e0-4cbc-a3b4-b46385727e44&page=1";"None"
1.75744100189403E+038;"Paramount War";"op02";"Kingdew";"OP02-006";"C";"http://tcgplayer.com/product/482706/one-piece-card-game-paramount-war-kingdew?xid=pi1e3bf5fe-24ae-43bf-bb2d-aabb5ac5b37a&page=1";"None"
1.37263995127037E+038;"Paramount War";"op02";"Thatch";"OP02-007";"C";"http://tcgplayer.com/product/482707/one-piece-card-game-paramount-war-thatch?xid=pide1ba8e6-8694-4309-bcc9-552306164853&page=1";"None"
1.83799810409132E+038;"Paramount War";"op02";"Jozu";"OP02-008";"R";"http://tcgplayer.com/product/482704/one-piece-card-game-paramount-war-jozu?xid=pi4487bf4f-42e0-4cbc-a3b4-b46385727e44&page=1";"None"
3.12293184948073E+037;"Paramount War";"op02";"Squard";"OP02-009";"UC";"http://tcgplayer.com/product/486332/one-piece-card-game-paramount-war-squard?xid=pi1e3bf5fe-24ae-43bf-bb2d-aabb5ac5b37a&page=1";"None"
6.13334611973765E+037;"Paramount War";"op02";"Squard ";"OP02-009";"UC";"http://tcgplayer.com/product/483096/one-piece-card-game-paramount-war-squard-box-topper?xid=pi9d6f997d-a088-4f0b-a26c-ae7317c679d2&page=1";"Box Topper"
1.89055945256286E+038;"Paramount War";"op02";"Dogura";"OP02-010";"C";"http://tcgplayer.com/product/483093/one-piece-card-game-paramount-war-dogura?xid=pide1ba8e6-8694-4309-bcc9-552306164853&page=1";"None"
1.72716004198136E+038;"Paramount War";"op02";"Vista";"OP02-011";"R";"http://tcgplayer.com/product/483095/one-piece-card-game-paramount-war-vista?xid=pi4487bf4f-42e0-4cbc-a3b4-b46385727e44&page=1";"None"
1.05650143567346E+038;"Paramount War";"op02";"Blenheim";"OP02-012";"C";"http://tcgplayer.com/product/483094/one-piece-card-game-paramount-war-blenheim?xid=pi9d6f997d-a088-4f0b-a26c-ae7317c679d2&page=1";"None"
2.40618086097296E+038;"Paramount War";"op02";"Portgas.D.Ace";"OP02-013";"SR";"http://tcgplayer.com/product/485235/one-piece-card-game-paramount-war-portgasdace?xid=pi4487bf4f-42e0-4cbc-a3b4-b46385727e44&page=1";"None"
2.43338817579697E+038;"Paramount War";"op02";"Portgas.D.Ace ";"OP02-013";"SR";"http://tcgplayer.com/product/486333/one-piece-card-game-paramount-war-portgasdace-parallel?xid=pi85e90e8a-8304-4ef8-97d9-c22c07203507&page=1";"Parallel"
9.22573266078962E+037;"Paramount War";"op02";"Portgas.D.Ace ";"OP02-013";"SR";"http://tcgplayer.com/product/485862/one-piece-card-game-paramount-war-portgasdace-parallel-alternate-art?xid=pi85e90e8a-8304-4ef8-97d9-c22c07203507&page=1";"Parallel Alternate Art"
9.37447115356587E+036;"Paramount War";"op02";"Whitey Bay";"OP02-014";"UC";"http://tcgplayer.com/product/486334/one-piece-card-game-paramount-war-whitey-bay?xid=pi9d6f997d-a088-4f0b-a26c-ae7317c679d2&page=1";"None"
2.63259661624486E+038;"Paramount War";"op02";"Makino";"OP02-015";"UC";"http://tcgplayer.com/product/486335/one-piece-card-game-paramount-war-makino?xid=pi4487bf4f-42e0-4cbc-a3b4-b46385727e44&page=1";"None"
1.35767075566018E+038;"Paramount War";"op02";"Magura";"OP02-016";"C";"http://tcgplayer.com/product/486336/one-piece-card-game-paramount-war-magura?xid=pi9d6f997d-a088-4f0b-a26c-ae7317c679d2&page=1";"None"
2.94962068841519E+038;"Paramount War";"op02";"Masked Deuce";"OP02-017";"R";"http://tcgplayer.com/product/486337/one-piece-card-game-paramount-war-masked-deuce?xid=pi97848a82-9c62-4831-a9e9-4b82c94283cd&page=1";"None"
3.24958710977209E+038;"Paramount War";"op02";"Masked Deuce ";"OP02-017";"R";"http://tcgplayer.com/product/485864/one-piece-card-game-paramount-war-masked-deuce-alternate-art?xid=pi81d9e6c5-012a-4c80-9325-c7033db8dfe7&page=1";"Alternate Art"
2.78393953185132E+038;"Paramount War";"op02";"Marco";"OP02-018";"R";"http://tcgplayer.com/product/486338/one-piece-card-game-paramount-war-marco?xid=pi4487bf4f-42e0-4cbc-a3b4-b46385727e44&page=1";"None"
3.3768153032367E+038;"Paramount War";"op02";"Marco ";"OP02-018";"R";"http://tcgplayer.com/product/485863/one-piece-card-game-paramount-war-marco-alternate-art?xid=pi85e90e8a-8304-4ef8-97d9-c22c07203507&page=1";"Alternate Art"
1.31688203312974E+038;"Paramount War";"op02";"Rakuyo";"OP02-019";"UC";"http://tcgplayer.com/product/486339/one-piece-card-game-paramount-war-rakuyo?xid=pi9d6f997d-a088-4f0b-a26c-ae7317c679d2&page=1";"None"
2.40330747603164E+038;"Paramount War";"op02";"LittleOars Jr.";"OP02-020";"C";"http://tcgplayer.com/product/486340/one-piece-card-game-paramount-war-littleoars-jr?xid=pi81d9e6c5-012a-4c80-9325-c7033db8dfe7&page=1";"None"
4.89833697492394E+037;"Paramount War";"op02";"Seaquake";"OP02-021";"R";"http://tcgplayer.com/product/486341/one-piece-card-game-paramount-war-seaquake?xid=pi4487bf4f-42e0-4cbc-a3b4-b46385727e44&page=1";"None"
1.68109724191144E+038;"Paramount War";"op02";"Whitebeard Pirates";"OP02-022";"UC";"http://tcgplayer.com/product/486342/one-piece-card-game-paramount-war-whitebeard-pirates?xid=pi9d6f997d-a088-4f0b-a26c-ae7317c679d2&page=1";"None"
1.81487952024274E+038;"Paramount War";"op02";"You May Be a Fool...but I Still Love You";"OP02-023";"C";"http://tcgplayer.com/product/486343/one-piece-card-game-paramount-war-you-may-be-a-foolbut-i-still-love-you?xid=pide1ba8e6-8694-4309-bcc9-552306164853&page=1";"None"
2.15817811867672E+038;"Paramount War";"op02";"Moby Dick";"OP02-024";"C";"http://tcgplayer.com/product/486344/one-piece-card-game-paramount-war-moby-dick?xid=pi1e3bf5fe-24ae-43bf-bb2d-aabb5ac5b37a&page=1";"None"
4.31233957984618E+037;"Paramount War";"op02";"Kin'emon";"OP02-025";"L";"http://tcgplayer.com/product/486345/one-piece-card-game-paramount-war-kinemon?xid=pi97848a82-9c62-4831-a9e9-4b82c94283cd&page=1";"None"
2.69178577757613E+038;"Paramount War";"op02";"Kin'emon ";"OP02-025";"L";"http://tcgplayer.com/product/483629/one-piece-card-game-paramount-war-kinemon-alternate-art?xid=pi81d9e6c5-012a-4c80-9325-c7033db8dfe7&page=1";"Alternate Art"
2.93241023932101E+038;"Paramount War";"op02";"Sanji";"OP02-026";"L";"http://tcgplayer.com/product/486346/one-piece-card-game-paramount-war-sanji?xid=pide1ba8e6-8694-4309-bcc9-552306164853&page=1";"None"
2.1061531897849E+038;"Paramount War";"op02";"Sanji ";"OP02-026";"L";"http://tcgplayer.com/product/483628/one-piece-card-game-paramount-war-sanji-alternate-art?xid=pi85e90e8a-8304-4ef8-97d9-c22c07203507&page=1";"Alternate Art"
1.7986449485373E+038;"Paramount War";"op02";"Inuarashi";"OP02-027";"UC";"http://tcgplayer.com/product/486347/one-piece-card-game-paramount-war-inuarashi?xid=pi97848a82-9c62-4831-a9e9-4b82c94283cd&page=1";"None"
1.41275904248112E+038;"Paramount War";"op02";"Usopp";"OP02-028";"C";"http://tcgplayer.com/product/486348/one-piece-card-game-paramount-war-usopp?xid=pi97848a82-9c62-4831-a9e9-4b82c94283cd&page=1";"None"
1.7791405753832E+038;"Paramount War";"op02";"Carrot";"OP02-029";"R";"http://tcgplayer.com/product/486349/one-piece-card-game-paramount-war-carrot?xid=pi9d6f997d-a088-4f0b-a26c-ae7317c679d2&page=1";"None"
2.63644184463426E+038;"Paramount War";"op02";"Kouzuki Oden";"OP02-030";"SR";"http://tcgplayer.com/product/486350/one-piece-card-game-paramount-war-kouzuki-oden?xid=pi4487bf4f-42e0-4cbc-a3b4-b46385727e44&page=1";"None"
2.46440525415964E+038;"Paramount War";"op02";"Kouzuki Oden ";"OP02-030";"SR";"http://tcgplayer.com/product/484627/one-piece-card-game-paramount-war-kouzuki-oden-alternate-art?xid=pi81d9e6c5-012a-4c80-9325-c7033db8dfe7&page=1";"Alternate Art"
6.5545719998501E+037;"Paramount War";"op02";"Kouzuki Toki";"OP02-031";"UC";"http://tcgplayer.com/product/486351/one-piece-card-game-paramount-war-kouzuki-toki?xid=pi1e3bf5fe-24ae-43bf-bb2d-aabb5ac5b37a&page=1";"None"
4.47576139412345E+037;"Paramount War";"op02";"Kouzuki Toki ";"OP02-031";"UC";"http://tcgplayer.com/product/485236/one-piece-card-game-paramount-war-kouzuki-toki-box-topper?xid=pi9d6f997d-a088-4f0b-a26c-ae7317c679d2&page=1";"Box Topper"
2.38819392086531E+038;"Paramount War";"op02";"Shishilian";"OP02-032";"UC";"http://tcgplayer.com/product/486352/one-piece-card-game-paramount-war-shishilian?xid=pide1ba8e6-8694-4309-bcc9-552306164853&page=1";"None"
1.87756815164589E+038;"Paramount War";"op02";"Jinbe";"OP02-033";"C";"http://tcgplayer.com/product/486353/one-piece-card-game-paramount-war-jinbe?xid=pide1ba8e6-8694-4309-bcc9-552306164853&page=1";"None"
3.00571052106284E+038;"Paramount War";"op02";"Tony Tony.Chopper";"OP02-034";"UC";"http://tcgplayer.com/product/486354/one-piece-card-game-paramount-war-tony-tonychopper?xid=pi9d6f997d-a088-4f0b-a26c-ae7317c679d2&page=1";"None"
1.34186684347925E+038;"Paramount War";"op02";"Trafalgar Law";"OP02-035";"C";"http://tcgplayer.com/product/486355/one-piece-card-game-paramount-war-trafalgar-law?xid=pi9d6f997d-a088-4f0b-a26c-ae7317c679d2&page=1";"None"
9.12128035408561E+037;"Paramount War";"op02";"Nami";"OP02-036";"SR";"http://tcgplayer.com/product/486356/one-piece-card-game-paramount-war-nami?xid=pi1e3bf5fe-24ae-43bf-bb2d-aabb5ac5b37a&page=1";"None"
2.26034053264599E+038;"Paramount War";"op02";"Nami ";"OP02-036";"SR";"http://tcgplayer.com/product/482429/one-piece-card-game-paramount-war-nami-alternate-art?xid=pide1ba8e6-8694-4309-bcc9-552306164853&page=1";"Alternate Art"
1.91709380920643E+038;"Paramount War";"op02";"Nico Robin";"OP02-037";"UC";"http://tcgplayer.com/product/486357/one-piece-card-game-paramount-war-nico-robin?xid=pi9d6f997d-a088-4f0b-a26c-ae7317c679d2&page=1";"None"
1.10615191715044E+038;"Paramount War";"op02";"Nekomamushi";"OP02-038";"C";"http://tcgplayer.com/product/486359/one-piece-card-game-paramount-war-nekomamushi?xid=pi97848a82-9c62-4831-a9e9-4b82c94283cd&page=1";"None"
3.03221356079914E+038;"Paramount War";"op02";"Franky";"OP02-039";"C";"http://tcgplayer.com/product/486361/one-piece-card-game-paramount-war-franky?xid=pi97848a82-9c62-4831-a9e9-4b82c94283cd&page=1";"None"
1.93561872145584E+038;"Paramount War";"op02";"Brook";"OP02-040";"R";"http://tcgplayer.com/product/486363/one-piece-card-game-paramount-war-brook?xid=pi9d6f997d-a088-4f0b-a26c-ae7317c679d2&page=1";"None"
2.25328506965808E+038;"Paramount War";"op02";"Monkey.D.Luffy";"OP02-041";"R";"http://tcgplayer.com/product/486367/one-piece-card-game-paramount-war-monkeydluffy-041?xid=pi1e3bf5fe-24ae-43bf-bb2d-aabb5ac5b37a&page=1";"None"
1.74960398639825E+038;"Paramount War";"op02";"Monkey.D.Luffy";"OP02-041";"R";"http://tcgplayer.com/product/482337/one-piece-card-game-paramount-war-monkeydluffy-041-alternate-art?xid=pi81d9e6c5-012a-4c80-9325-c7033db8dfe7&page=1";"Alternate Art"
1.68803383714711E+038;"Paramount War";"op02";"Yamato";"OP02-042";"R";"http://tcgplayer.com/product/486369/one-piece-card-game-paramount-war-yamato?xid=pi4487bf4f-42e0-4cbc-a3b4-b46385727e44&page=1";"None"
1.40264349028032E+038;"Paramount War";"op02";"Roronoa Zoro";"OP02-043";"C";"http://tcgplayer.com/product/486371/one-piece-card-game-paramount-war-roronoa-zoro?xid=pi9d6f997d-a088-4f0b-a26c-ae7317c679d2&page=1";"None"
3.01775672082998E+038;"Paramount War";"op02";"Wanda";"OP02-044";"C";"http://tcgplayer.com/product/486374/one-piece-card-game-paramount-war-wanda?xid=pi81d9e6c5-012a-4c80-9325-c7033db8dfe7&page=1";"None"
2.77002165347276E+038;"Paramount War";"op02";"Three Sword Style Oni Giri";"OP02-045";"C";"http://tcgplayer.com/product/486375/one-piece-card-game-paramount-war-three-sword-style-oni-giri?xid=pi97848a82-9c62-4831-a9e9-4b82c94283cd&page=1";"None"
4.55941531088575E+037;"Paramount War";"op02";"Diable Jambe Venaison Shoot";"OP02-046";"UC";"http://tcgplayer.com/product/486378/one-piece-card-game-paramount-war-diable-jambe-venaison-shoot?xid=pi97848a82-9c62-4831-a9e9-4b82c94283cd&page=1";"None"
4.82832511777371E+037;"Paramount War";"op02";"Paradise Totsuka";"OP02-047";"R";"http://tcgplayer.com/product/486380/one-piece-card-game-paramount-war-paradise-totsuka?xid=pi9d6f997d-a088-4f0b-a26c-ae7317c679d2&page=1";"None"
2.54582153671382E+037;"Paramount War";"op02";"Land of Wano";"OP02-048";"C";"http://tcgplayer.com/product/486382/one-piece-card-game-paramount-war-land-of-wano?xid=pi97848a82-9c62-4831-a9e9-4b82c94283cd&page=1";"None"
2.36311630012898E+038;"Paramount War";"op02";"Emporio.Ivankov";"OP02-049";"L";"http://tcgplayer.com/product/486387/one-piece-card-game-paramount-war-emporioivankov-049?xid=pide1ba8e6-8694-4309-bcc9-552306164853&page=1";"None"
2.84693749746379E+038;"Paramount War";"op02";"Emporio.Ivankov";"OP02-049";"L";"http://tcgplayer.com/product/483949/one-piece-card-game-paramount-war-emporioivankov-049-alternate-art?xid=pi85e90e8a-8304-4ef8-97d9-c22c07203507&page=1";"Alternate Art"
2.63260471372302E+038;"Paramount War";"op02";"Inazuma";"OP02-050";"R";"http://tcgplayer.com/product/486389/one-piece-card-game-paramount-war-inazuma?xid=pi4487bf4f-42e0-4cbc-a3b4-b46385727e44&page=1";"None"
1.92378486258423E+038;"Paramount War";"op02";"Emporio.Ivankov";"OP02-051";"SR";"http://tcgplayer.com/product/486390/one-piece-card-game-paramount-war-emporioivankov-051?xid=pi4487bf4f-42e0-4cbc-a3b4-b46385727e44&page=1";"None"
6.91858310195617E+037;"Paramount War";"op02";"Emporio.Ivankov";"OP02-051";"SR";"http://tcgplayer.com/product/485812/one-piece-card-game-paramount-war-emporioivankov-051-alternate-art?xid=pi81d9e6c5-012a-4c80-9325-c7033db8dfe7&page=1";"Alternate Art"
2.21038406823637E+038;"Paramount War";"op02";"Cabaji";"OP02-052";"C";"http://tcgplayer.com/product/486391/one-piece-card-game-paramount-war-cabaji?xid=pide1ba8e6-8694-4309-bcc9-552306164853&page=1";"None"
1.39189651914265E+038;"Paramount War";"op02";"Crocodile";"OP02-053";"C";"http://tcgplayer.com/product/486392/one-piece-card-game-paramount-war-crocodile?xid=pi1e3bf5fe-24ae-43bf-bb2d-aabb5ac5b37a&page=1";"None"
1.69092511756379E+038;"Paramount War";"op02";"Gecko Moria";"OP02-054";"C";"http://tcgplayer.com/product/486393/one-piece-card-game-paramount-war-gecko-moria?xid=pi9d6f997d-a088-4f0b-a26c-ae7317c679d2&page=1";"None"
3.08778541705109E+037;"Paramount War";"op02";"Dracule Mihawk";"OP02-055";"C";"http://tcgplayer.com/product/486394/one-piece-card-game-paramount-war-dracule-mihawk?xid=pi9d6f997d-a088-4f0b-a26c-ae7317c679d2&page=1";"None"
1.9102469001911E+038;"Paramount War";"op02";"Donquixote Doflamingo";"OP02-056";"UC";"http://tcgplayer.com/product/486395/one-piece-card-game-paramount-war-donquixote-doflamingo?xid=pi9d6f997d-a088-4f0b-a26c-ae7317c679d2&page=1";"None"
3.05647640648457E+038;"Paramount War";"op02";"Bartholomew Kuma";"OP02-057";"UC";"http://tcgplayer.com/product/486396/one-piece-card-game-paramount-war-bartholomew-kuma?xid=pi97848a82-9c62-4831-a9e9-4b82c94283cd&page=1";"None"
3.31233289525639E+038;"Paramount War";"op02";"Buggy";"OP02-058";"R";"http://tcgplayer.com/product/486397/one-piece-card-game-paramount-war-buggy?xid=pi1e3bf5fe-24ae-43bf-bb2d-aabb5ac5b37a&page=1";"None"
2.46597823640984E+038;"Paramount War";"op02";"Buggy ";"OP02-058";"R";"http://tcgplayer.com/product/485813/one-piece-card-game-paramount-war-buggy-alternate-art?xid=pi85e90e8a-8304-4ef8-97d9-c22c07203507&page=1";"Alternate Art"
3.24469845344157E+038;"Paramount War";"op02";"Boa Hancock";"OP02-059";"UC";"http://tcgplayer.com/product/486398/one-piece-card-game-paramount-war-boa-hancock?xid=pi9d6f997d-a088-4f0b-a26c-ae7317c679d2&page=1";"None"
4.25348531020809E+037;"Paramount War";"op02";"Boa Hancock ";"OP02-059";"UC";"http://tcgplayer.com/product/485237/one-piece-card-game-paramount-war-boa-hancock-box-topper?xid=pi97848a82-9c62-4831-a9e9-4b82c94283cd&page=1";"Box Topper"
6.6159146769514E+037;"Paramount War";"op02";"Mohji";"OP02-060";"C";"http://tcgplayer.com/product/486399/one-piece-card-game-paramount-war-mohji?xid=pide1ba8e6-8694-4309-bcc9-552306164853&page=1";"None"
2.82913305496305E+038;"Paramount War";"op02";"Morley";"OP02-061";"UC";"http://tcgplayer.com/product/486400/one-piece-card-game-paramount-war-morley?xid=pide1ba8e6-8694-4309-bcc9-552306164853&page=1";"None"
1.4372867858802E+038;"Paramount War";"op02";"Monkey.D.Luffy";"OP02-062";"SR";"http://tcgplayer.com/product/485238/one-piece-card-game-paramount-war-monkeydluffy-062?xid=pi4487bf4f-42e0-4cbc-a3b4-b46385727e44&page=1";"None"
1.78522336112437E+038;"Paramount War";"op02";"Monkey.D.Luffy";"OP02-062";"SR";"http://tcgplayer.com/product/485814/one-piece-card-game-paramount-war-monkeydluffy-062-alternate-art?xid=pide1ba8e6-8694-4309-bcc9-552306164853&page=1";"Alternate Art"
1.62768608774365E+038;"Paramount War";"op02";"Mr.1 (Daz.Bonez)";"OP02-063";"UC";"http://tcgplayer.com/product/486401/one-piece-card-game-paramount-war-mr1-dazbonez?xid=pi97848a82-9c62-4831-a9e9-4b82c94283cd&page=1";"None"
2.59134711926992E+038;"Paramount War";"op02";"Mr.2.Bon.Kurei (Bentham)";"OP02-064";"R";"http://tcgplayer.com/product/486402/one-piece-card-game-paramount-war-mr2bonkurei-bentham?xid=pi4487bf4f-42e0-4cbc-a3b4-b46385727e44&page=1";"None"
1.33512989632701E+038;"Paramount War";"op02";"Mr.3 (Galdino)";"OP02-065";"R";"http://tcgplayer.com/product/486403/one-piece-card-game-paramount-war-mr3-galdino?xid=pi4487bf4f-42e0-4cbc-a3b4-b46385727e44&page=1";"None"
2.31916775800146E+038;"Paramount War";"op02";"Impel Down All Stars";"OP02-066";"C";"http://tcgplayer.com/product/486404/one-piece-card-game-paramount-war-impel-down-all-stars?xid=pi97848a82-9c62-4831-a9e9-4b82c94283cd&page=1";"None"
2.08971788819329E+038;"Paramount War";"op02";"Arabesque Brick Fist";"OP02-067";"UC";"http://tcgplayer.com/product/486405/one-piece-card-game-paramount-war-arabesque-brick-fist?xid=pi1e3bf5fe-24ae-43bf-bb2d-aabb5ac5b37a&page=1";"None"
2.15775824902544E+038;"Paramount War";"op02";"Gum-Gum Rain";"OP02-068";"R";"http://tcgplayer.com/product/486406/one-piece-card-game-paramount-war-gum-gum-rain?xid=pi1e3bf5fe-24ae-43bf-bb2d-aabb5ac5b37a&page=1";"None"
1.81468200221638E+036;"Paramount War";"op02";"DEATH WINK";"OP02-069";"C";"http://tcgplayer.com/product/486407/one-piece-card-game-paramount-war-death-wink?xid=pi97848a82-9c62-4831-a9e9-4b82c94283cd&page=1";"None"
2.0354832625802E+038;"Paramount War";"op02";"New Kama Land";"OP02-070";"C";"http://tcgplayer.com/product/486408/one-piece-card-game-paramount-war-new-kama-land?xid=pi9d6f997d-a088-4f0b-a26c-ae7317c679d2&page=1";"None"
2.1478453231401E+038;"Paramount War";"op02";"Magellan";"OP02-071";"L";"http://tcgplayer.com/product/486410/one-piece-card-game-paramount-war-magellan-071?xid=pide1ba8e6-8694-4309-bcc9-552306164853&page=1";"None"
4.32772986089702E+037;"Paramount War";"op02";"Magellan";"OP02-071";"L";"http://tcgplayer.com/product/484134/one-piece-card-game-paramount-war-magellan-071-alternate-art?xid=pi85e90e8a-8304-4ef8-97d9-c22c07203507&page=1";"Alternate Art"
1.00454572769399E+038;"Paramount War";"op02";"Zephyr";"OP02-072";"L";"http://tcgplayer.com/product/485239/one-piece-card-game-paramount-war-zephyr?xid=pide1ba8e6-8694-4309-bcc9-552306164853&page=1";"None"
8.09177779423407E+037;"Paramount War";"op02";"Zephyr ";"OP02-072";"L";"http://tcgplayer.com/product/484314/one-piece-card-game-paramount-war-zephyr-alternate-art?xid=pi85e90e8a-8304-4ef8-97d9-c22c07203507&page=1";"Alternate Art"
2.45717472909136E+038;"Paramount War";"op02";"Little Sadi";"OP02-073";"R";"http://tcgplayer.com/product/486413/one-piece-card-game-paramount-war-little-sadi?xid=pi1e3bf5fe-24ae-43bf-bb2d-aabb5ac5b37a&page=1";"None"
3.0030622577548E+038;"Paramount War";"op02";"Little Sadi ";"OP02-073";"R";"http://tcgplayer.com/product/485457/one-piece-card-game-paramount-war-little-sadi-alternate-art?xid=pide1ba8e6-8694-4309-bcc9-552306164853&page=1";"Alternate Art"
1.59703377271415E+038;"Paramount War";"op02";"Saldeath";"OP02-074";"C";"http://tcgplayer.com/product/486416/one-piece-card-game-paramount-war-saldeath?xid=pi81d9e6c5-012a-4c80-9325-c7033db8dfe7&page=1";"None"
3.36430293767284E+038;"Paramount War";"op02";"Shiki";"OP02-075";"R";"http://tcgplayer.com/product/486419/one-piece-card-game-paramount-war-shiki?xid=pi1e3bf5fe-24ae-43bf-bb2d-aabb5ac5b37a&page=1";"None"
1.60258049182746E+038;"Paramount War";"op02";"Shiryu";"OP02-076";"R";"http://tcgplayer.com/product/486422/one-piece-card-game-paramount-war-shiryu?xid=pi1e3bf5fe-24ae-43bf-bb2d-aabb5ac5b37a&page=1";"None"
2.52632818807236E+038;"Paramount War";"op02";"Solitaire";"OP02-077";"C";"http://tcgplayer.com/product/486425/one-piece-card-game-paramount-war-solitaire?xid=pide1ba8e6-8694-4309-bcc9-552306164853&page=1";"None"
2.46252897186553E+038;"Paramount War";"op02";"Daifugo";"OP02-078";"UC";"http://tcgplayer.com/product/486433/one-piece-card-game-paramount-war-daifugo?xid=pide1ba8e6-8694-4309-bcc9-552306164853&page=1";"None"
2.6845203740223E+038;"Paramount War";"op02";"Douglas Bullet";"OP02-079";"UC";"http://tcgplayer.com/product/486436/one-piece-card-game-paramount-war-douglas-bullet?xid=pi97848a82-9c62-4831-a9e9-4b82c94283cd&page=1";"None"
1.60826353117276E+038;"Paramount War";"op02";"Dobon";"OP02-080";"C";"http://tcgplayer.com/product/486438/one-piece-card-game-paramount-war-dobon?xid=pi81d9e6c5-012a-4c80-9325-c7033db8dfe7&page=1";"None"
2.82445271153106E+038;"Paramount War";"op02";"Domino";"OP02-081";"C";"http://tcgplayer.com/product/486441/one-piece-card-game-paramount-war-domino?xid=pi1e3bf5fe-24ae-43bf-bb2d-aabb5ac5b37a&page=1";"None"
2.91099880425095E+038;"Paramount War";"op02";"Byrnndi World";"OP02-082";"UC";"http://tcgplayer.com/product/486445/one-piece-card-game-paramount-war-byrnndi-world?xid=pide1ba8e6-8694-4309-bcc9-552306164853&page=1";"None"
1.13064026322714E+038;"Paramount War";"op02";"Hannyabal";"OP02-083";"R";"http://tcgplayer.com/product/486448/one-piece-card-game-paramount-war-hannyabal?xid=pi1e3bf5fe-24ae-43bf-bb2d-aabb5ac5b37a&page=1";"None"
1.94626009158665E+038;"Paramount War";"op02";"Blugori";"OP02-084";"C";"http://tcgplayer.com/product/486451/one-piece-card-game-paramount-war-blugori?xid=pi81d9e6c5-012a-4c80-9325-c7033db8dfe7&page=1";"None"
2.79655797094744E+038;"Paramount War";"op02";"Magellan";"OP02-085";"SR";"http://tcgplayer.com/product/486452/one-piece-card-game-paramount-war-magellan-085?xid=pi4487bf4f-42e0-4cbc-a3b4-b46385727e44&page=1";"None"
2.44435631165727E+038;"Paramount War";"op02";"Magellan";"OP02-085";"SR";"http://tcgplayer.com/product/485459/one-piece-card-game-paramount-war-magellan-085-alternate-art?xid=pide1ba8e6-8694-4309-bcc9-552306164853&page=1";"Alternate Art"
2.68568768950111E+038;"Paramount War";"op02";"Minokoala ";"OP02-086";"UC";"http://tcgplayer.com/product/485241/one-piece-card-game-paramount-war-minokoala-box-topper?xid=pi97848a82-9c62-4831-a9e9-4b82c94283cd&page=1";"Box Topper"
1.1902629378363E+038;"Paramount War";"op02";"Minokoala";"OP02-086";"UC";"http://tcgplayer.com/product/486453/one-piece-card-game-paramount-war-minokoala?xid=pi97848a82-9c62-4831-a9e9-4b82c94283cd&page=1";"None"
3.16938978914957E+038;"Paramount War";"op02";"Minotaur";"OP02-087";"UC";"http://tcgplayer.com/product/486454/one-piece-card-game-paramount-war-minotaur?xid=pi9d6f997d-a088-4f0b-a26c-ae7317c679d2&page=1";"None"
1.50505525224882E+038;"Paramount War";"op02";"Sphinx";"OP02-088";"C";"http://tcgplayer.com/product/486455/one-piece-card-game-paramount-war-sphinx?xid=pi81d9e6c5-012a-4c80-9325-c7033db8dfe7&page=1";"None"
1.67528735387779E+038;"Paramount War";"op02";"Judgment of Hell";"OP02-089";"R";"http://tcgplayer.com/product/486456/one-piece-card-game-paramount-war-judgment-of-hell?xid=pi4487bf4f-42e0-4cbc-a3b4-b46385727e44&page=1";"None"
1.18217080556175E+038;"Paramount War";"op02";"Hydra";"OP02-090";"UC";"http://tcgplayer.com/product/486457/one-piece-card-game-paramount-war-hydra?xid=pi97848a82-9c62-4831-a9e9-4b82c94283cd&page=1";"None"
1.99156216152336E+038;"Paramount War";"op02";"Venom Road";"OP02-091";"C";"http://tcgplayer.com/product/486458/one-piece-card-game-paramount-war-venom-road?xid=pide1ba8e6-8694-4309-bcc9-552306164853&page=1";"None"
2.50174034339605E+038;"Paramount War";"op02";"Impel Down";"OP02-092";"C";"http://tcgplayer.com/product/486460/one-piece-card-game-paramount-war-impel-down?xid=pi97848a82-9c62-4831-a9e9-4b82c94283cd&page=1";"None"
2.06644988458363E+038;"Paramount War";"op02";"Smoker";"OP02-093";"L";"http://tcgplayer.com/product/486462/one-piece-card-game-paramount-war-smoker-093?xid=pi97848a82-9c62-4831-a9e9-4b82c94283cd&page=1";"None"
6.58628248463941E+036;"Paramount War";"op02";"Smoker";"OP02-093";"L";"http://tcgplayer.com/product/484476/one-piece-card-game-paramount-war-smoker-093-alternate-art?xid=pi85e90e8a-8304-4ef8-97d9-c22c07203507&page=1";"Alternate Art"
1.42722817928424E+038;"Paramount War";"op02";"Isuka";"OP02-094";"UC";"http://tcgplayer.com/product/486464/one-piece-card-game-paramount-war-isuka?xid=pi97848a82-9c62-4831-a9e9-4b82c94283cd&page=1";"None"
1.00908513006862E+038;"Paramount War";"op02";"Oniguma";"OP02-095";"UC";"http://tcgplayer.com/product/486467/one-piece-card-game-paramount-war-oniguma?xid=pi97848a82-9c62-4831-a9e9-4b82c94283cd&page=1";"None"
2.74588085732957E+038;"Paramount War";"op02";"Kuzan";"OP02-096";"SR";"http://tcgplayer.com/product/486468/one-piece-card-game-paramount-war-kuzan-096?xid=pi4487bf4f-42e0-4cbc-a3b4-b46385727e44&page=1";"None"
6.49518327143095E+037;"Paramount War";"op02";"Kuzan";"OP02-096";"SR";"http://tcgplayer.com/product/485162/one-piece-card-game-paramount-war-kuzan-096-alternate-art?xid=pi81d9e6c5-012a-4c80-9325-c7033db8dfe7&page=1";"Alternate Art"
1.13292711751036E+038;"Paramount War";"op02";"Komille";"OP02-097";"C";"http://tcgplayer.com/product/486471/one-piece-card-game-paramount-war-komille?xid=pi81d9e6c5-012a-4c80-9325-c7033db8dfe7&page=1";"None"
2.74186014370199E+038;"Paramount War";"op02";"Koby";"OP02-098";"R";"http://tcgplayer.com/product/486474/one-piece-card-game-paramount-war-koby?xid=pi4487bf4f-42e0-4cbc-a3b4-b46385727e44&page=1";"None"
1.38756345391291E+038;"Paramount War";"op02";"Sakazuki";"OP02-099";"SR";"http://tcgplayer.com/product/485242/one-piece-card-game-paramount-war-sakazuki?xid=pi4487bf4f-42e0-4cbc-a3b4-b46385727e44&page=1";"None"
1.22570555297756E+038;"Paramount War";"op02";"Sakazuki ";"OP02-099";"SR";"http://tcgplayer.com/product/485255/one-piece-card-game-paramount-war-sakazuki-alternate-art?xid=pi81d9e6c5-012a-4c80-9325-c7033db8dfe7&page=1";"Alternate Art"
1.79723566830885E+038;"Paramount War";"op02";"Jango";"OP02-100";"C";"http://tcgplayer.com/product/486477/one-piece-card-game-paramount-war-jango?xid=pide1ba8e6-8694-4309-bcc9-552306164853&page=1";"None"
1.46140327809015E+038;"Paramount War";"op02";"Strawberry";"OP02-101";"C";"http://tcgplayer.com/product/486480/one-piece-card-game-paramount-war-strawberry?xid=pide1ba8e6-8694-4309-bcc9-552306164853&page=1";"None"
1.76868952439439E+038;"Paramount War";"op02";"Smoker";"OP02-102";"R";"http://tcgplayer.com/product/486481/one-piece-card-game-paramount-war-smoker-102?xid=pi1e3bf5fe-24ae-43bf-bb2d-aabb5ac5b37a&page=1";"None"
3.25705227748113E+038;"Paramount War";"op02";"Sengoku";"OP02-103";"R";"http://tcgplayer.com/product/486482/one-piece-card-game-paramount-war-sengoku?xid=pi1e3bf5fe-24ae-43bf-bb2d-aabb5ac5b37a&page=1";"None"
3.05437655261685E+038;"Paramount War";"op02";"Sentomaru";"OP02-104";"C";"http://tcgplayer.com/product/486483/one-piece-card-game-paramount-war-sentomaru?xid=pi81d9e6c5-012a-4c80-9325-c7033db8dfe7&page=1";"None"
3.16568998894012E+038;"Paramount War";"op02";"Tashigi ";"OP02-105";"C";"http://tcgplayer.com/product/485244/one-piece-card-game-paramount-war-tashigi-box-topper?xid=pi9d6f997d-a088-4f0b-a26c-ae7317c679d2&page=1";"Box Topper"
5.22780350771085E+037;"Paramount War";"op02";"Tashigi";"OP02-105";"C";"http://tcgplayer.com/product/485243/one-piece-card-game-paramount-war-tashigi?xid=pi97848a82-9c62-4831-a9e9-4b82c94283cd&page=1";"None"
9.29275298931107E+036;"Paramount War";"op02";"Tsuru";"OP02-106";"UC";"http://tcgplayer.com/product/486484/one-piece-card-game-paramount-war-tsuru?xid=pi4487bf4f-42e0-4cbc-a3b4-b46385727e44&page=1";"None"
2.0467531205643E+038;"Paramount War";"op02";"Doberman";"OP02-107";"C";"http://tcgplayer.com/product/486485/one-piece-card-game-paramount-war-doberman?xid=pi81d9e6c5-012a-4c80-9325-c7033db8dfe7&page=1";"None"
2.44726566029291E+038;"Paramount War";"op02";"Donquixote Rosinante";"OP02-108";"C";"http://tcgplayer.com/product/486486/one-piece-card-game-paramount-war-donquixote-rosinante?xid=pi1e3bf5fe-24ae-43bf-bb2d-aabb5ac5b37a&page=1";"None"
1.12846391486276E+038;"Paramount War";"op02";"Donquixote Rosinante ";"OP02-108";"C";"http://tcgplayer.com/product/485245/one-piece-card-game-paramount-war-donquixote-rosinante-box-topper?xid=pi9d6f997d-a088-4f0b-a26c-ae7317c679d2&page=1";"Box Topper"
8.25863185885367E+037;"Paramount War";"op02";"Jaguar.D.Saul";"OP02-109";"C";"http://tcgplayer.com/product/486487/one-piece-card-game-paramount-war-jaguardsaul?xid=pi81d9e6c5-012a-4c80-9325-c7033db8dfe7&page=1";"None"
3.30673330157653E+038;"Paramount War";"op02";"Hina";"OP02-110";"R";"http://tcgplayer.com/product/486488/one-piece-card-game-paramount-war-hina?xid=pi1e3bf5fe-24ae-43bf-bb2d-aabb5ac5b37a&page=1";"None"
6.3155074129774E+037;"Paramount War";"op02";"Fullbody";"OP02-111";"C";"http://tcgplayer.com/product/486489/one-piece-card-game-paramount-war-fullbody?xid=pi81d9e6c5-012a-4c80-9325-c7033db8dfe7&page=1";"None"
2.06591139805085E+038;"Paramount War";"op02";"Bell-mere";"OP02-112";"UC";"http://tcgplayer.com/product/486490/one-piece-card-game-paramount-war-bell-mere?xid=pi1e3bf5fe-24ae-43bf-bb2d-aabb5ac5b37a&page=1";"None"
1.9763596459901E+038;"Paramount War";"op02";"Helmeppo";"OP02-113";"UC";"http://tcgplayer.com/product/486491/one-piece-card-game-paramount-war-helmeppo?xid=pi9d6f997d-a088-4f0b-a26c-ae7317c679d2&page=1";"None"
3.21543630418615E+038;"Paramount War";"op02";"Borsalino";"OP02-114";"SR";"http://tcgplayer.com/product/485246/one-piece-card-game-paramount-war-borsalino?xid=pi4487bf4f-42e0-4cbc-a3b4-b46385727e44&page=1";"None"
8.66135839831901E+037;"Paramount War";"op02";"Borsalino ";"OP02-114";"SR";"http://tcgplayer.com/product/485087/one-piece-card-game-paramount-war-borsalino-alternate-art?xid=pi81d9e6c5-012a-4c80-9325-c7033db8dfe7&page=1";"Alternate Art"
3.37585229899161E+037;"Paramount War";"op02";"Monkey.D.Garp";"OP02-115";"R";"http://tcgplayer.com/product/486492/one-piece-card-game-paramount-war-monkeydgarp-115?xid=pi4487bf4f-42e0-4cbc-a3b4-b46385727e44&page=1";"None"
4.63523032199686E+037;"Paramount War";"op02";"Monkey.D.Garp";"OP02-115";"R";"http://tcgplayer.com/product/484822/one-piece-card-game-paramount-war-monkeydgarp-115-alternate-art?xid=pi81d9e6c5-012a-4c80-9325-c7033db8dfe7&page=1";"Alternate Art"
3.22629566149217E+038;"Paramount War";"op02";"Yamakaji";"OP02-116";"C";"http://tcgplayer.com/product/486493/one-piece-card-game-paramount-war-yamakaji?xid=pi81d9e6c5-012a-4c80-9325-c7033db8dfe7&page=1";"None"
1.7615959001733E+036;"Paramount War";"op02";"Ice Age";"OP02-117";"UC";"http://tcgplayer.com/product/486494/one-piece-card-game-paramount-war-ice-age?xid=pi9d6f997d-a088-4f0b-a26c-ae7317c679d2&page=1";"None"
2.52674531111541E+038;"Paramount War";"op02";"Yasakani Sacred Jewel";"OP02-118";"C";"http://tcgplayer.com/product/486546/one-piece-card-game-paramount-war-yasakani-sacred-jewel?xid=pide1ba8e6-8694-4309-bcc9-552306164853&page=1";"None"
4.6181709599345E+037;"Paramount War";"op02";"Meteor Volcano";"OP02-119";"R";"http://tcgplayer.com/product/486547/one-piece-card-game-paramount-war-meteor-volcano?xid=pi1e3bf5fe-24ae-43bf-bb2d-aabb5ac5b37a&page=1";"None"
1.43389284926193E+038;"Paramount War";"op02";"Uta";"OP02-120";"SCR";"http://tcgplayer.com/product/482718/one-piece-card-game-paramount-war-uta?xid=pi1e3bf5fe-24ae-43bf-bb2d-aabb5ac5b37a&page=1";"None"
1.19325531974149E+038;"Paramount War";"op02";"Uta ";"OP02-120";"SCR";"http://tcgplayer.com/product/483360/one-piece-card-game-paramount-war-uta-alternate-art?xid=pi81d9e6c5-012a-4c80-9325-c7033db8dfe7&page=1";"Alternate Art"
3.14766700868621E+038;"Paramount War";"op02";"Kuzan";"OP02-121";"SCR";"http://tcgplayer.com/product/485397/one-piece-card-game-paramount-war-kuzan-121?xid=pi1e3bf5fe-24ae-43bf-bb2d-aabb5ac5b37a&page=1";"None"
7.97219204808803E+037;"Paramount War";"op02";"Kuzan";"OP02-121";"SCR";"http://tcgplayer.com/product/485456/one-piece-card-game-paramount-war-kuzan-121-alternate-art?xid=pi81d9e6c5-012a-4c80-9325-c7033db8dfe7&page=1";"Alternate Art"
